id,start_x_px,start_y_px,start_freq_mhz,end_x_px,end_y_px,length_s,drift_hz_s,mean_snr
0,14826.32,510,137.971897,14822.80,607,98,-5.235,17.92
1,13843.14,522,137.827876,13838.17,628,107,-6.580,16.86
2,13351.24,539,137.755821,13343.61,658,120,-9.373,17.08
3,15317.27,539,138.043815,15310.76,649,111,-8.392,17.04
4,11863.48,696,137.537888,11848.76,782,87,-25.760,12.07
5,15300.41,717,138.041344,15282.45,854,138,-19.484,19.36
6,13320.67,803,137.751344,13313.83,920,118,-8.284,17.83
7,14791.22,850,137.966756,14788.24,922,73,-5.952,13.65
8,13807.93,855,137.822720,13804.82,940,86,-5.314,17.52
9,8682.03,1449,137.071856,8680.17,1537,89,-3.153,21.14
10,8815.39,1453,137.091390,8813.67,1538,86,-3.036,21.41
11,8747.29,1526,137.081414,8745.22,1591,66,-4.554,30.11
12,8878.14,1605,137.100582,8875.61,1660,56,-6.732,16.17
13,8611.12,1606,137.061468,8608.75,1660,55,-6.725,15.67
14,8808.82,1661,137.090428,8796.56,1836,176,-10.429,41.25
15,8666.53,1791,137.069584,8663.79,1827,37,-11.150,43.50
16,8787.92,1982,137.087367,8783.88,2133,152,-3.913,26.45
17,8653.57,2007,137.067686,8650.34,2133,127,-3.506,24.30
18,8718.75,2056,137.077235,8715.66,2256,201,-2.186,28.86
19,5836.90,4012,136.655088,5834.18,4058,47,-8.712,24.40
20,5831.88,4093,136.654352,5828.13,4144,52,-10.527,28.62
21,5896.18,4144,136.663772,5892.08,4204,61,-10.217,17.44
22,5759.41,4153,136.643737,5756.00,4199,47,-10.295,14.88
23,4371.51,4834,136.440431,4370.06,4952,119,-1.776,19.53
24,4368.03,5114,136.439921,4362.00,5372,259,-3.500,21.54
25,4376.28,5187,136.441129,4375.14,5240,54,-3.464,12.53
26,4372.79,5329,136.440619,4371.51,5388,60,-3.367,13.53
27,4359.61,5568,136.438689,4358.31,5623,56,-3.420,20.57
28,13825.28,6770,137.825260,13812.36,6946,177,-10.884,18.47
29,13332.95,6780,137.753142,13323.39,6898,119,-11.667,14.41
30,15298.35,6786,138.041043,15289.85,6895,110,-11.689,13.51
31,14798.32,6894,137.967796,14795.42,6946,53,-8.373,14.63
32,10993.92,7834,137.410511,10989.72,7952,119,-5.116,16.43
33,8749.66,7921,137.081762,8747.85,8060,140,-1.955,27.80
34,8816.04,7954,137.091485,8815.04,8032,79,-2.072,17.45
35,8682.63,7955,137.071943,8681.60,8031,77,-2.045,18.04
36,10988.17,7983,137.409668,10985.23,8038,56,-7.838,12.67
37,8746.80,8102,137.081343,8745.70,8143,42,-4.238,23.63
38,8679.56,8122,137.071494,8668.90,8352,231,-6.893,26.58
39,8813.00,8122,137.091039,8802.58,8348,227,-6.760,24.70
40,10975.03,8207,137.407743,10972.70,8255,49,-7.106,13.30
41,8742.15,8234,137.080662,8740.35,8270,37,-7.196,26.76
42,8666.74,8386,137.069616,8656.06,8586,201,-7.909,36.35
43,8597.71,8421,137.059504,8593.13,8500,80,-8.472,12.74
44,8864.53,8422,137.098588,8859.79,8505,84,-8.401,12.42
45,8795.12,8467,137.088421,8785.82,8731,265,-4.989,33.48
46,8655.01,8616,137.067897,8652.42,8729,114,-3.392,32.97
47,8719.56,8703,137.077352,8717.81,8821,119,-2.122,24.16
48,5833.45,10537,136.654582,5829.94,10636,100,-5.228,16.46
49,4140.96,13657,136.406659,4138.27,13732,76,-5.129,19.47
50,10999.31,14134,137.411300,10992.65,14309,176,-5.329,24.41
51,4373.16,14202,136.440672,4374.99,14308,107,2.453,15.93
52,8821.89,14476,137.092342,8816.68,14776,301,-2.415,23.07
53,10965.50,14571,137.406348,10962.11,14780,210,-2.132,26.67
54,4370.78,14750,136.440324,4366.79,15090,341,-1.160,17.11
55,8616.23,14782,137.062217,8591.90,15145,364,-10.669,14.37
56,8881.06,14825,137.101010,8858.35,15158,334,-10.705,14.57
57,8791.63,15159,137.087910,8788.37,15288,130,-3.544,23.68
58,9657.32,15346,137.214720,9655.51,15450,105,-2.632,22.86
59,4348.37,16021,136.437041,4346.54,16143,123,-2.189,14.58
60,14823.42,19820,137.971472,14816.61,19893,74,-13.800,13.64
61,10997.15,20545,137.410984,10994.90,20610,66,-4.956,22.64
62,10987.44,20724,137.409562,10981.15,20787,64,-14.677,30.46
63,10967.15,20976,137.406590,10964.00,21133,158,-2.932,21.06
64,8826.00,21068,137.092944,8824.71,21207,140,-1.313,30.68
65,8692.33,21069,137.073364,8688.12,21314,246,-2.178,36.93
66,8890.01,21272,137.102320,8881.79,21404,133,-9.019,22.90
67,8622.86,21277,137.063188,8612.91,21419,143,-9.942,24.61
68,8596.80,21546,137.059369,8589.92,21662,117,-8.350,20.44
69,8861.70,21572,137.098173,8857.07,21662,91,-7.384,17.32
70,12234.13,23008,137.592182,12229.80,23625,618,-1.090,12.63
71,4367.99,25119,136.439916,4366.81,25189,71,-2.565,16.51
72,14831.60,25704,137.972670,14830.32,25748,45,-3.823,14.30
73,15321.26,25762,138.044398,15319.84,25797,36,-6.660,12.16
74,14828.04,25800,137.972150,14822.25,25866,67,-12.748,14.34
75,13352.91,25810,137.756066,13335.75,25945,136,-18.901,14.59
76,4367.93,25835,136.439906,4366.61,25930,96,-2.059,12.63
77,4358.25,25835,136.438488,4355.82,25986,152,-2.278,21.51
78,15313.07,25871,138.043199,15301.84,25945,75,-22.752,12.16
79,14809.97,25947,137.969503,14801.62,26009,63,-20.268,14.20
80,13825.02,25959,137.825223,13818.55,26009,51,-19.252,13.50
81,10996.37,26925,137.410870,10994.82,26994,70,-3.174,15.08
82,10993.86,27021,137.410501,10969.54,27479,459,-8.566,23.73
83,8757.74,27419,137.082945,8754.46,27619,201,-2.366,30.74
84,8690.87,27435,137.073149,8689.50,27537,103,-1.919,16.49
85,8824.40,27437,137.092710,8823.06,27542,106,-1.947,16.44
86,8688.88,27569,137.072859,8687.96,27612,44,-3.589,13.17
87,8822.42,27572,137.092421,8820.65,27642,71,-3.849,18.00
88,8817.71,27718,137.091730,8813.92,27787,70,-7.974,36.94
89,8811.48,27824,137.090818,8797.10,28042,219,-9.795,20.60
90,8665.19,28011,137.069388,8663.55,28043,33,-7.516,15.91
91,8730.74,28035,137.078990,8729.26,28067,33,-6.837,20.19
92,10996.32,33454,137.410862,10973.17,33923,470,-8.527,21.43
93,4363.71,36220,136.439288,4362.58,36326,107,-1.571,15.58
94,5840.95,37097,136.655681,5839.22,37135,39,-6.743,14.89
95,6824.00,42093,136.799683,6820.62,42171,79,-5.676,21.63
96,5846.03,43429,136.656425,5844.72,43483,55,-3.145,13.82
97,5843.69,43510,136.656082,5836.41,43622,113,-9.646,24.13
98,14818.21,44400,137.970709,14804.75,44602,203,-9.915,14.87
99,13834.98,44406,137.826681,13827.95,44523,118,-8.999,14.75
100,13825.02,44560,137.825222,13821.83,44602,43,-11.086,15.88
101,4366.26,46902,136.439662,4365.10,46948,47,-3.604,18.16
102,4357.81,47668,136.438424,4356.74,47721,54,-3.016,17.25
103,14826.24,50435,137.971885,14825.10,50477,43,-3.964,21.08
104,13843.14,50437,137.827878,13841.60,50489,53,-4.395,19.89
105,15317.70,50440,138.043877,15302.52,50621,182,-11.796,23.68
106,13351.27,50453,137.755826,13349.71,50498,46,-5.170,15.84
107,12841.18,50641,137.681105,12833.51,50684,44,-26.587,12.80
108,15291.17,50684,138.039991,15280.61,50809,126,-12.051,21.80
109,14790.95,50768,137.966716,14788.27,50833,66,-5.827,20.00
110,13316.38,50768,137.750715,13313.71,50839,72,-5.520,17.89
111,13806.31,50801,137.822482,13804.81,50854,54,-4.151,18.69
112,6106.70,52963,136.694609,6105.46,52997,35,-4.455,14.45
113,6104.33,53036,136.694262,6099.02,53225,190,-4.068,18.83
114,9160.95,53552,137.142009,9161.93,53654,103,1.505,13.35
115,6846.13,54523,136.802924,6841.38,54586,64,-11.179,24.04
116,13825.06,56620,137.825228,13816.70,56713,94,-13.346,15.03
117,4370.84,56648,136.440333,4369.62,56712,65,-2.620,11.94
118,4358.05,57662,136.438460,4353.90,57829,168,-2.815,14.24
119,4352.04,58161,136.437578,4350.73,58208,48,-4.022,13.45
120,6114.15,59859,136.695701,6106.64,60080,222,-5.112,23.16
121,6098.14,60359,136.693356,6096.59,60445,87,-2.658,24.31
122,6851.27,60766,136.803677,6850.21,60815,50,-2.998,15.75
123,6847.76,60891,136.803163,6842.06,60998,108,-7.809,18.06
124,6838.89,61046,136.801864,6835.30,61100,55,-9.492,25.42
125,6830.35,61203,136.800612,6825.68,61293,91,-7.531,23.46
126,4163.28,66187,136.409929,4157.91,66262,76,-10.490,23.38
127,4143.53,66343,136.407036,4122.56,66519,177,-16.781,19.78
128,4374.56,66624,136.440878,4373.01,66787,164,-1.267,16.57
129,4369.43,66887,136.440127,4367.52,67037,151,-1.770,18.58
130,4368.04,67107,136.439923,4366.55,67309,203,-1.114,20.54
131,6106.09,67230,136.694520,6095.83,67719,490,-3.144,29.82
132,6851.53,67284,136.803716,6848.09,67390,107,-4.834,16.66
133,4361.72,67542,136.438997,4359.25,67613,72,-5.332,19.25
134,4366.13,67757,136.439644,4362.84,67801,45,-5.819,12.58
135,4355.49,67758,136.438084,4351.83,67908,151,-2.359,17.23
136,6823.57,67789,136.799619,6820.25,67891,103,-4.666,17.56
137,14826.14,69596,137.971871,14818.56,69697,102,-11.157,13.38
138,13841.41,69625,137.827623,13830.72,69741,117,-13.875,12.72
139,8745.66,70492,137.081176,8740.07,70649,158,-5.172,30.06
140,8812.21,70497,137.090925,8791.21,70954,458,-7.152,21.27
141,8678.61,70503,137.071354,8663.22,70841,339,-6.877,20.09
142,8660.36,70898,137.068680,8658.53,70937,40,-6.771,29.51
143,8789.90,70987,137.087657,8784.97,71167,181,-3.979,22.38
144,8654.35,71047,137.067800,8651.77,71167,121,-3.354,21.54
145,8719.19,71120,137.077298,8717.93,71174,55,-3.201,31.89
146,11316.77,73292,137.457803,11313.95,73325,34,-12.430,21.00
147,4135.64,74123,136.405880,4133.04,74153,31,-12.574,12.67
148,6823.55,74128,136.799617,6821.87,74157,30,-8.679,19.63
149,14831.34,75558,137.972633,14829.72,75613,56,-4.406,16.99
150,15321.10,75616,138.044375,15305.25,75775,160,-14.436,17.04
151,13830.54,75776,137.826031,13817.70,75871,96,-20.006,14.93
152,14813.42,75777,137.970008,14806.03,75825,49,-22.708,15.88
153,14797.95,75905,137.967742,14796.21,75935,31,-8.460,11.34
154,4366.95,76753,136.439763,4364.53,76881,129,-2.567,19.85
155,8818.18,76794,137.091799,8816.08,76935,142,-2.151,25.04
156,8683.47,76897,137.072066,8682.06,76957,61,-3.427,37.02
157,8882.13,76961,137.101166,8869.48,77139,179,-10.187,21.50
158,8614.80,76974,137.062007,8599.68,77164,191,-11.644,24.45
159,8860.17,77217,137.097950,8847.69,77462,246,-7.163,21.68
160,8593.04,77220,137.058819,8581.06,77464,245,-7.022,22.68
161,11628.61,79791,137.503483,11619.72,79922,132,-9.019,22.04
162,11592.81,80048,137.498238,11587.88,80118,71,-9.848,21.30
163,6851.78,80080,136.803753,6849.04,80187,108,-3.516,16.86
164,6846.10,80254,136.802920,6842.68,80304,51,-10.377,28.48
165,6823.78,80502,136.799650,6818.91,80624,123,-5.599,15.08
166,5845.10,80579,136.656290,5829.60,80838,260,-8.790,27.07
167,5822.59,80915,136.652992,5819.23,80960,46,-10.970,13.79
168,5816.25,81013,136.652062,5814.86,81045,33,-6.310,11.56
169,8750.00,83284,137.081811,8747.91,83406,123,-2.509,16.31
170,8814.29,83415,137.091230,8812.94,83457,43,-4.862,30.71
171,8878.48,83482,137.100631,8850.29,83844,363,-12.668,17.99
172,8609.48,83522,137.061227,8605.45,83573,52,-11.422,14.61
173,8601.86,83610,137.060111,8583.73,83845,236,-11.514,19.54
174,8782.10,83903,137.086513,8780.56,84014,112,-2.021,32.49
175,4368.43,85922,136.439980,4365.15,86145,224,-1.776,20.14
176,14825.04,85924,137.971710,14823.08,85970,47,-6.141,17.38
177,15315.94,85942,138.043619,15308.38,86046,105,-10.423,19.85
178,13837.42,86010,137.827040,13832.72,86055,46,-15.368,28.68
179,13345.89,86010,137.755037,13336.23,86090,81,-17.621,26.89
180,4377.05,86061,136.441243,4376.06,86105,45,-3.538,12.39
181,11860.93,86095,137.537515,11855.71,86128,34,-23.056,11.91
182,11368.94,86097,137.465446,11361.14,86148,52,-23.083,12.25
183,15299.53,86108,138.041215,15282.79,86253,146,-16.938,16.26
184,14804.79,86128,137.968744,14789.21,86301,174,-12.529,21.91
185,13330.20,86128,137.752739,13314.65,86306,179,-12.333,23.74
186,13810.11,86225,137.823039,13805.92,86309,85,-7.159,23.70
187,4362.83,86340,136.439159,4364.05,86399,60,3.016,13.48
